﻿<?xml version="1.0" encoding="UTF-8" standalone="yes"?>
<chat xmlns="updates">
  <file name="PLASMA.SYSTEM" type="0xFF" aux="0x2000" mask="0x0001"/>
  <file name="CMD"           type="0xFF" aux="0x2000" mask="0x0002"/>
  <file name="UTHERNET"      type="0xFE" aux="0x1000" mask="0x0004"/>
  <file name="UTHERNET2"     type="0xFE" aux="0x1000" mask="0x0008"/>
  <file name="ETHERIP"       type="0xFE" aux="0x1000" mask="0x0010"/>
  <file name="INET"          type="0xFE" aux="0x1000" mask="0x0020"/>
  <file name="DHCP"          type="0xFE" aux="0x1000" mask="0x0040"/>
  <file name="UPDATE"        type="0xFE" aux="0x1000" mask="0x0080"/>
  <file name="CHAT"          type="0xFE" aux="0x1000" mask="0x0100"/>
  <file name="AUTORUN"       type="0x06" aux="0x0000" mask="0x0200"/>
  <file name="VERSION"       type="0x06" aux="6"      mask="0x0400"/>
  <current level="6"/>
  <version level="1" updates="0x0000"/>
  <version level="2" updates="0x0180"/>
  <version level="3" updates="0x0380"/>
  <version level="4" updates="0x0408"/>
  <version level="5" updates="0x0440"/>
  <version level="6" updates="0x0580"/>
</chat>
